Date Of Stop,Time Of Stop,Agency,SubAgency,Description,Location,Latitude,Longitude,Accident,Belts,Personal Injury,Property Damage,Fatal,Commercial License,HAZMAT,Commercial Vehicle,Alcohol,Work Zone,State,VehicleType,Year,Make,Model,Color,Violation Type,Charge,Article,Contributed To Accident,Race,Gender,Driver City,Driver State,DL State,Arrest Type,Geolocation
5/31/2014,17:21:00,MCP,"1st district, Rockville",EXCEEDING MAXIMUM SPEED: 45 MPH IN A POSTED 35 MPH ZONE,FREDERICK RD / E GUDE DRIVE,39.10923333,-77.16007333,No,Yes,No,No,No,No,No,No,No,No,MD,02 - Automobile,2008,FORD,4S,BLUE,Citation,21-801.1,Transportation Article,No,BLACK,F,SILVER SPRING,MD,MD,A - Marked Patrol,"(39.1092333333333, -77.1600733333333)"
6/18/2014,8:58:00,MCP,"6th district, Gaithersburg / Montgomery Village",DRIVING VEHICLE ON HIGHWAY WITH SUSPENDED REGISTRATION,WASHINGTON GROVE RD/RAILROAD ST,39.14116333,-77.17823333,No,No,No,No,No,No,No,No,No,No,MD,02 - Automobile,2004,MITS,4S,SILVER,Citation,13-401(h),Transportation Article,No,HISPANIC,M,GAITHERSBURG,MD,MD,A - Marked Patrol,"(39.1411633333333, -77.1782333333333)"
6/15/2014,1:52:00,MCP,"4th district, Wheaton","FAILURE OF VEH. ON HWY. TO DISPLAY LIGHTED LAMPS, ILLUMINATING DEVICE IN UNFAVORABLE VISIBILITY COND",REEDIE DR / VEIRS MILL ROAD,39.03833,-77.05240833,No,No,No,No,No,No,No,No,No,No,MD,01 - Motorcycle,2005,TOYT,SCION,SILVER,Citation,22-201.1,Transportation Article,No,HISPANIC,M,HYATTSVILLE,MD,MD,A - Marked Patrol,"(39.03833, -77.0524083333333)"
3/4/2014,9:16:00,MCP,"3rd district, Silver Spring",DRIVING VEHICLE ON HIGHWAY WITH SUSPENDED REGISTRATION,NEW HAMPSHIRE AVE/ WOLF,39.0728779,-77.00270557,No,No,No,No,No,No,No,No,No,No,MD,02 - Automobile,2005,GMC,YUKON,BLACK,Citation,13-401(h),Transportation Article,No,BLACK,M,SILVER SPRING,MD,MD,A - Marked Patrol,"(39.0728779, -77.0027055666667)"
4/16/2014,10:41:00,MCP,"4th district, Wheaton",DRIVING VEHICLE ON HIGHWAY WITH SUSPENDED REGISTRATION,UNIVERSITY BLVD W.  / DAYTON ST,,,No,No,No,No,No,No,No,No,No,No,MD,02 - Automobile,1992,FORD,TAURUS,RED,Citation,13-401(h),Transportation Article,No,WHITE,M,WHEATON,MD,MD,A - Marked Patrol,
2/17/2014,12:02:00,MCP,"1st district, Rockville",DRIVING VEHICLE ON HIGHWAY WITH SUSPENDED REGISTRATION,FALLS RD @ W. KERSEY,39.06652667,-77.17427333,No,No,No,No,No,No,No,No,No,No,MD,02 - Automobile,2007,HOND,CR-V,SILVER,Citation,13-401(h),Transportation Article,No,ASIAN,M,MONTGOMERY VILLAGE,MD,MD,A - Marked Patrol,"(39.0665266666667, -77.1742733333333)"
6/5/2014,23:10:00,MCP,"4th district, Wheaton",UNAUTHORIZED DISPLAY AND USE OF REGISTRATION PLATE,GEORGIA @ OLNEY SANDY SPRING,39.15405167,-77.06816167,No,No,No,No,No,No,No,No,No,No,AZ,02 - Automobile,2001,FORD,EXPEDITION,BEIGE,Citation,13-703(g),Transportation Article,No,BLACK,F,OLNEY,MD,MD,A - Marked Patrol,"(39.1540516666667, -77.0681616666667)"
3/4/2014,20:07:00,MCP,"5th district, Germantown",DRIVING MOTOR VEHICLE ON HIGHWAY WITHOUT REQUIRED LICENSE AND AUTHORIZATION,9809 BETHESDA CHURCH RD,39.284545,-77.203975,No,No,No,No,No,No,No,No,No,No,MD,02 - Automobile,2005,TOYT,4S,"BLUE, DARK",Citation,16-101(a),Transportation Article,No,HISPANIC,F,DAMASCUS,MD,MD,A - Marked Patrol,"(39.284545, -77.203975)"
6/22/2014,14:26:00,MCP,"3rd district, Silver Spring",DRIVING VEHICLE ON HIGHWAY WITH SUSPENDED REGISTRATION,SOUTHAMPTON DR/ BEACON RD,,,No,No,No,No,No,No,No,No,No,No,MD,02 - Automobile,2009,HONDA,CIVIC,GRAY,Citation,13-401(h),Transportation Article,No,HISPANIC,M,SILVER SPRING,MD,MD,A - Marked Patrol,
10/28/2013,17:41:00,MCP,"6th district, Gaithersburg / Montgomery Village",DRIVER FAILURE TO YIELD RIGHT OF WAY ENTERING HWY. FROM PRIVATE ROAD,EMORY GROVE RD @ MEADOW GREEN WAY,39.12993477,-77.16705013,No,No,No,No,No,No,No,No,No,No,MD,02 - Automobile,2003,HONDA,ACCORD,GOLD,Citation,21-404(b),Transportation Article,Yes,BLACK,M,GAITHERSBURG,MD,MD,A - Marked Patrol,"(39.1299347666667, -77.1670501333333)"
9/19/2013,14:12:00,MCP,"3rd district, Silver Spring",DRIVER FAILURE TO YIELD RIGHT-OF-WAY AT INTERSECTION YIELD SIGN,COLESVILLE RD @ 16TH ST,38.9925,-77.03651333,No,No,No,No,No,No,No,No,No,No,MD,02 - Automobile,2008,BUICK,ENCLAVE,WHITE,Citation,21-403(d),Transportation Article,Yes,BLACK,M,BALTIMORE,MD,MD,A - Marked Patrol,"(38.9925, -77.0365133333333)"
5/27/2013,14:13:00,MCP,"6th district, Gaithersburg / Montgomery Village",EXCEEDING MAXIMUM SPEED: 80 MPH IN A POSTED 55 MPH ZONE,NB 270 / MUDDY BRANCH RD,39.09845263,-77.2045743,No,No,No,No,No,No,No,No,No,No,MD,08 - Recreational Vehicle,2012,JEEP,4X4,GRAY,Citation,21-801.1,Transportation Article,Yes,WHITE,F,NEW MARKET,MD,MD,A - Marked Patrol,"(39.0984526333333, -77.2045743)"
5/4/2013,9:26:00,MCP,"6th district, Gaithersburg / Montgomery Village",DRIVING VEHICLE IN EXCESS OF REASONABLE AND PRUDENT SPEED ON HIGHWAY,MUNCASTER MILL ROAD / LAYTONIA DRIVE,39.15371892,-77.1537621,No,No,No,Yes,No,No,No,No,No,No,MD,02 - Automobile,1997,HOND,4S,BEIGE,Citation,21-801(a),Transportation Article,Yes,WHITE,M,SILVER SPRING,MD,MD,A - Marked Patrol,"(39.1537189166667, -77.1537621)"
10/10/2013,18:34:00,MCP,"3rd district, Silver Spring",FAILURE TO CONTROL VEHICLE SPEED ON HIGHWAY TO AVOID COLLISION,SB COLUMBIA PIKE AT GREENCASTLE ROAD,39.096875,-76.93751833,No,No,No,No,No,No,No,No,No,No,MD,02 - Automobile,2009,TOYOT,PRIUS,BLACK,Citation,21-801(b),Transportation Article,Yes,WHITE,M,ELKRIDGE,MD,MD,A - Marked Patrol,"(39.096875, -76.9375183333333)"
9/1/2013,15:19:00,MCP,"4th district, Wheaton",FAILURE TO CONTROL VEHICLE SPEED ON HIGHWAY TO AVOID COLLISION,GEORGIA  AVE/WINDHAM LANE,39.03210667,-77.04827667,No,Yes,No,No,No,No,No,No,No,No,DC,02 - Automobile,2005,FORD,CROWN VIC,BLACK,Citation,21-801(b),Transportation Article,Yes,BLACK,M,WASHINGTON,DC,DC,A - Marked Patrol,"(39.0321066666667, -77.0482766666667)"
7/3/2015,21:06:00,MCP,"4th district, Wheaton",NEGLIGENT DRIVING,NEW HAMPSHIRE AVE @ BRIGHTON KNOLLS DR,39.14925,-77.06648833,No,No,No,No,No,No,No,No,No,No,MD,02 - Automobile,2009,HONDA,FIT,BLUE,Citation,21-901.1(b),Transportation Article,Yes,WHITE,F,OLNEY,MD,MD,A - Marked Patrol,"(39.14925, -77.0664883333333)"
7/11/2013,7:46:00,MCP,"6th district, Gaithersburg / Montgomery Village",DRIVER WHEN TURNING LEFT FAIL TO YIELD RIGHT OF WAY TO VEHICLE APPROACHING FROM OPPOSITE DIRECTION,300 BLK OF MUDDY BRANCH,39.12907225,-77.20789277,No,No,Yes,No,No,No,No,No,No,No,MD,02 - Automobile,1998,HOND,ACCORD,BLACK,Citation,21-402(a),Transportation Article,Yes,HISPANIC,M,GAITHERSBURG,MD,MD,A - Marked Patrol,"(39.12907225, -77.2078927666667)"
8/29/2017,11:41:00,MCP,"2nd district, Bethesda",UNSAFE LANE CHANGING,N/B OLD GEORGETOWN RD @ S/B 495 RAMP,39.01639667,-77.1194315,No,No,No,Yes,No,No,No,No,No,No,MD,02 - Automobile,2004,HONDA,ACCORD,BEIGE,Citation,21-309(b),Transportation Article,Yes,WHITE,F,BETHESDA,MD,MD,A - Marked Patrol,"(39.0163966666667, -77.1194315)"
12/8/2013,3:27:00,MCP,"6th district, Gaithersburg / Montgomery Village",DRIVING UNDER THE INFLUENCE OF ALCOHOL PER SE,WEST DIAMOND AVE & 270,39.14012735,-77.2062697,No,No,No,No,No,No,No,No,No,No,MD,02 - Automobile,2006,CHRY,SEBRING,MAROON,Citation,21-902(a2),Transportation Article,Yes,WHITE,M,GAITHERSBURG,MD,MD,A - Marked Patrol,"(39.14012735, -77.2062697)"
5/25/2014,15:33:00,MCP,"6th district, Gaithersburg / Montgomery Village",FAILURE TO RETURN TO & REMAIN AT SCENE OF ACCIDENTINVOLVING ATTENDED VEH.DAMAGE,GOSHEN RD / MIDCOUNTY HWY,39.04543833,-76.99038,No,No,No,Yes,No,No,No,No,No,No,MD,02 - Automobile,1994,CHRYSLER,LEBARON,GREEN,Citation,20-103(b),Transportation Article,Yes,WHITE,M,GERMANTOWN,MD,MD,A - Marked Patrol,"(39.0454383333333, -76.99038)"
8/1/2014,12:51:00,MCP,"6th district, Gaithersburg / Montgomery Village",DRIVING/ATTEMPTING DRIVE MOTOR VEH. ON HWY W/O REQ. LICENSE AND AUTHORIZATION,WOODFIELD RD/AIRPARK RD,39.14989,-77.23409,No,No,No,No,No,No,No,No,No,No,MD,02 - Automobile,2005,NISSAN,SENTRA,BLUE,Citation,16-101(a),Transportation Article,Yes,WHITE,M,CHEVERLY,MD,MD,A - Marked Patrol,"(39.14989, -77.23409)"
2/24/2015,16:30:00,MCP,"1st district, Rockville",FAILURE TO CONTROL VEHICLE SPEED ON HIGHWAY TO AVOID COLLISION,12721 TWINBROOK PK (PARKING GARAGE EXIT),39.01517667,-77.10017167,No,No,No,Yes,No,No,No,No,No,No,MD,02 - Automobile,2004,FORD,TRUCK,BLUE,Citation,21-801(b),Transportation Article,Yes,WHITE,M,SILVER SPRING,MD,MD,A - Marked Patrol,"(39.0151766666667, -77.1001716666667)"
5/9/2015,12:36:00,MCP,"6th district, Gaithersburg / Montgomery Village","NEGLIGENT DRIVING VEHICLE IN CARELESS AND IMPRUDENT MANNER ENDANGERING PROPERTY, LIFE AND PERSON",ODENHAL AV / RUSSELL AV,39.15081,-77.20377667,No,No,No,No,No,No,No,No,No,No,MD,02 - Automobile,2007,MAZD,3,SILVER,Citation,21-901.1(b),Transportation Article,Yes,HISPANIC,F,MONTGOMERY VILLAGE,MD,MD,A - Marked Patrol,"(39.15081, -77.2037766666667)"
3/13/2015,14:20:00,MCP,"4th district, Wheaton",DRIVER OF MOTOR VEHICLE FOLLOWING VEHICLE CLOSER THAN REASONABLE AND PRUDENT,1901 RANDOLPH RD @ KENNEDY HIGH SCHOOL,39.05818167,-77.08381333,No,No,No,No,No,No,No,No,No,No,MD,02 - Automobile,0,MITS,ECLIPSE,BLACK,Citation,21-310(a),Transportation Article,Yes,WHITE,M,ROCKVILLE,MD,MD,A - Marked Patrol,"(39.0581816666667, -77.0838133333333)"
11/13/2015,14:51:00,MCP,"3rd district, Silver Spring",FAILURE TO CONTROL VEHICLE SPEED ON HIGHWAY TO AVOID COLLISION,16TH ST/ 2ND AVE,,,No,No,No,No,No,No,No,No,No,No,MD,02 - Automobile,2007,HONDA,CIVIC,"BLUE, LIGHT",Citation,21-801(b),Transportation Article,Yes,WHITE,M,GAITHERSBURG,MD,MD,A - Marked Patrol,
8/16/2015,4:40:00,MCP,"1st district, Rockville",DRIVING VEH. WHILE SO FAR IMPAIRED BY DRUGS AND ALCOHOL CANNOT DRIVE SAFELY,17100 CAMPELL FARM RD/17010 SPATES HILL,39.11340333,-77.235325,No,No,No,Yes,No,No,No,No,No,No,MD,02 - Automobile,2006,HONDA,PILOT,GREEN,Citation,21-902(c1),Transportation Article,Yes,BLACK,M,POOLESVILLE,MD,MD,A - Marked Patrol,"(39.1134033333333, -77.235325)"
1/5/2016,13:08:00,MCP,"3rd district, Silver Spring",FAILURE TO CONTROL VEH. SPEED ON HWY. TO AVOID COLLISION,SOUTHBOUND 29/TECH ROAD,39.01440167,-77.03423,No,No,No,No,No,No,No,No,No,No,MD,02 - Automobile,2001,NISSAN,ALTIMA,GOLD,Citation,21-801(b),Transportation Article,Yes,WHITE,M,SILVER SPRING,MD,MD,A - Marked Patrol,"(39.0144016666667, -77.03423)"
9/19/2015,16:16:00,MCP,"3rd district, Silver Spring",FAILURE YIELD RIGHT OF WAY ON LEFT TURN,8621 16TH ST. SILVER SPRING MD 20902,38.99800333,-77.03837833,No,No,No,No,No,No,No,No,No,No,MD,02 - Automobile,2004,2004,MITSUBISHI,WHITE,Citation,21-402(a),Transportation Article,Yes,HISPANIC,M,SILVER SPRING,MD,US,A - Marked Patrol,"(38.9980033333333, -77.0383783333333)"
12/9/2015,14:33:00,MCP,"4th district, Wheaton",DRIVER FAILURE TO STOP FOR PEDESTRIAN IN CROSSWALK,3901 ASPEN HILL ROAD,,,No,No,No,No,No,No,No,No,No,No,MD,02 - Automobile,2013,TOYT,SU,WHITE,Citation,21-502(a2),Transportation Article,Yes,HISPANIC,F,SILVER SPRING,MD,MD,A - Marked Patrol,
7/11/2015,5:42:00,MCP,"2nd district, Bethesda",FAILURE TO CONTROL VEH. SPEED ON HWY. TO AVOID COLLISION,11323 SCHUYLKILL RD,39.08354667,-77.15228167,No,No,No,Yes,No,No,No,No,No,No,MD,02 - Automobile,2006,HONDA,CIVIC,BLACK,Citation,21-801(b),Transportation Article,Yes,HISPANIC,M,HYATTSVILLE,MD,MD,A - Marked Patrol,"(39.0835466666667, -77.1522816666667)"
9/6/2014,22:34:00,MCP,Headquarters and Special Operations,HOLDER OF LEARNER'S PERMIT DRIVING W/O REQ. SUPERVISION,PINEY MEETINGHOUSE RD/PINEY MEETINGHOUSE,39.14953167,-77.23451833,No,No,No,No,Yes,No,No,No,No,No,MD,02 - Automobile,2005,CHEV,TRAILBLAZER,GRAY,Citation,16-105(b1),Transportation Article,Yes,HISPANIC,M,GAITHERSBURG,MD,MD,A - Marked Patrol,"(39.1495316666667, -77.2345183333333)"
12/20/2013,9:21:00,MCP,"3rd district, Silver Spring",DRIVER FAILURE TO STOP AT STEADY CIRCULAR RED SIGNAL,OLD COLUMBIA PIKE AND FAIRLAND ROAD,39.07612333,-76.95807333,No,No,No,No,No,No,No,No,No,No,VA,02 - Automobile,2010,TOYOTA,COROLLA,GRAY,Citation,21-202(h1),Transportation Article,Yes,HISPANIC,F,ELKRIDGE,MD,MD,A - Marked Patrol,"(39.0761233333333, -76.9580733333333)"
5/16/2012,12:07:00,MCP,"3rd district, Silver Spring",FAILURE TO CONTROL VEH. SPEED ON HWY. TO AVOID COLLISION,OL I-495/COLESVILLE RD,39.0160815,-77.0176165,No,No,Yes,No,No,No,No,No,No,No,IN,02 - Automobile,2011,VOLKSWAGON,JETTA,WHITE,Citation,21-801(b),Transportation Article,Yes,WHITE,F,BALTIMORE,MD,IN,A - Marked Patrol,"(39.0160815, -77.0176165)"
2/4/2012,21:41:00,MCP,"4th district, Wheaton",FAILURE TO REDUCE SPEED ON NARROW & WINDING ROADWAY,CONNECTICUT AVE/WELLER ROAD,39.05797715,-77.04864462,No,No,No,No,No,No,No,No,No,No,VA,02 - Automobile,1997,DODGE,RAM WAGON,BEIGE,Citation,21-801(g),Transportation Article,Yes,HISPANIC,M,SILVER SPRING,MD,MD,A - Marked Patrol,"(39.05797715, -77.0486446166667)"
10/20/2013,10:31:00,MCP,"3rd district, Silver Spring",FAILURE TO IMMEDIATELY RETURN AND REMAIN AT SCENE OF ACCIDENT INVOLVING BODILY INJURY,13100 COLUMBIA PIKE - VERIZON BLDG,,,No,No,Yes,No,No,No,No,No,No,No,MD,02 - Automobile,2002,TOYOTA,COROLLA,TAN,Citation,20-102(a2),Transportation Article,Yes,WHITE,M,OLNEY,MD,MD,A - Marked Patrol,
3/29/2012,17:54:00,MCP,"6th district, Gaithersburg / Montgomery Village",DRIVER WHEN TURNING LEFT FAIL TO YIELD RIGHT OF WAY TO VEHICLE APPROACHING FROM OPPOSITE DIRECTION,QUINCE ORCHARD RD./RAMP FROM I-270,39.1497996,-77.23452278,No,No,Yes,No,No,No,No,No,No,No,MD,02 - Automobile,2010,MERZ,C300,WHITE,Citation,21-402(a),Transportation Article,Yes,WHITE,M,GAITHERSBURG,MD,MD,A - Marked Patrol,"(39.1497996, -77.2345227833333)"
5/27/2013,14:33:00,MCP,"6th district, Gaithersburg / Montgomery Village",FAILURE TO DISPLAY REGISTRATION CARD UPON DEMAND BY POLICE OFFICER,SB 270 / SHADY GROVE,39.09845263,-77.2045743,No,No,No,No,No,No,No,No,No,No,VA,02 - Automobile,2012,MAZDA,3,BLUE,Citation,13-409(b),Transportation Article,Yes,WHITE,M,WINTER HAVEN,FL,FL,A - Marked Patrol,"(39.0984526333333, -77.2045743)"
7/27/2015,5:43:00,MCP,"4th district, Wheaton",FAILURE VEH. TO YIELD INTERSECTION RIGHT-OF-WAY TO ANOTHER VEH.,ARCOLA AVE AND UNIVERSITY BLVD W,39.01433167,-77.03412,No,No,No,No,No,No,No,No,No,No,MD,02 - Automobile,1999,INFINITI,TRK,SILVER,Citation,21-401,Transportation Article,Yes,BLACK,F,SILVER SPRING,MD,MD,A - Marked Patrol,"(39.0143316666667, -77.03412)"
9/19/2015,16:16:00,MCP,"3rd district, Silver Spring",DRIVER FAILURE TO YIELD RIGHT OF WAY ENTERING HWY. FROM PRIVATE ROAD,8621 16TH ST. SILVER SPRING MD 20902,38.99800333,-77.03837833,No,No,No,No,No,No,No,No,No,No,MD,02 - Automobile,2004,2004,MITSUBISHI,WHITE,Citation,21-404(b),Transportation Article,Yes,HISPANIC,M,SILVER SPRING,MD,US,A - Marked Patrol,"(38.9980033333333, -77.0383783333333)"
7/11/2015,5:42:00,MCP,"2nd district, Bethesda",DRIVER FAILURE TO OBEY DESIGNATED LANE DIRECTIONS,11323 SCHUYLKILL RD,39.08354667,-77.15228167,No,No,No,Yes,No,No,No,No,No,No,MD,02 - Automobile,2006,HONDA,CIVIC,BLACK,Citation,21-309(d),Transportation Article,Yes,HISPANIC,M,HYATTSVILLE,MD,MD,A - Marked Patrol,"(39.0835466666667, -77.1522816666667)"
6/18/2013,9:15:00,MCP,"1st district, Rockville",FAILURE TO DRIVE VEHICLE ON RIGHT HALF OF ROADWAY WHEN REQUIRED,13313 DARNESTOWN RD,39.11204667,-77.2752,No,No,No,No,No,No,No,No,No,No,MD,02 - Automobile,2012,HONDA,ODESSEY,GRAY,Citation,21-301(a),Transportation Article,Yes,ASIAN,F,BOYDS,MD,MD,A - Marked Patrol,"(39.1120466666667, -77.2752)"
2/4/2012,21:41:00,MCP,"4th district, Wheaton",FAILURE TO CONTROL VEH. SPEED ON HWY. TO AVOID COLLISION,CONNECTICUT AVE/WELLER ROAD,39.05797715,-77.04864462,No,No,No,No,No,No,No,No,No,No,VA,02 - Automobile,1997,DODGE,RAM WAGON,BEIGE,Citation,21-801(b),Transportation Article,Yes,HISPANIC,M,SILVER SPRING,MD,MD,A - Marked Patrol,"(39.05797715, -77.0486446166667)"
2/1/2012,12:18:00,MCP,"4th district, Wheaton",FAILURE TO CONTROL VEHICLE SPEED ON HIGHWAY TO AVOID COLLISION,LEISURE WORLD BLV /   NORBECK BLV,39.10903712,-77.06830808,No,No,No,No,No,No,No,No,No,No,MD,02 - Automobile,2006,CRYSTLER,TOWN & COUNTRY,SILVER,Citation,21-801(b),Transportation Article,Yes,WHITE,M,SILVER SPRING,MD,MD,A - Marked Patrol,"(39.1090371166667, -77.0683080833333)"
10/20/2013,10:31:00,MCP,"3rd district, Silver Spring",FAILURE OF VEH. DRIVER INVOLVED IN ACCIDENT TO GIVE INSURANCE POLICY INFORMATION,13100 COLUMBIA PIKE - VERIZON BLDG,,,No,No,Yes,No,No,No,No,No,No,No,MD,02 - Automobile,2002,TOYOTA,COROLLA,TAN,Citation,20-105.1,Transportation Article,Yes,WHITE,M,OLNEY,MD,MD,A - Marked Patrol,
8/29/2017,17:50:00,MCP,"2nd district, Bethesda",FAILURE TO CONTROL VEHICLE SPEED ON HIGHWAY TO AVOID COLLISION,S/B MACARTHUR BLVD AT THE DC LINE,38.94096667,-77.11264667,No,No,No,No,No,No,No,No,No,No,VA,02 - Automobile,2007,TOYOTA,YARIS,GRAY,Citation,21-801(b),Transportation Article,Yes,WHITE,M,WASHINGTON,DC,DC,A - Marked Patrol,"(38.9409666666667, -77.1126466666667)"
8/30/2017,14:42:00,MCP,"3rd district, Silver Spring",FAILURE TO CONTROL VEHICLE SPEED ON HIGHWAY TO AVOID COLLISION,BRIGGS CHANEY RD @ RT29,39.082045,-76.94728167,No,No,No,No,No,No,No,No,No,No,MD,02 - Automobile,2004,KIA,SORENTO,WHITE,Citation,21-801(b),Transportation Article,Yes,BLACK,F,SILVER SPRING,MD,MD,A - Marked Patrol,"(39.082045, -76.9472816666667)"
8/29/2017,13:13:00,MCP,"5th district, Germantown",DRIVER FAILURE TO OBEY PROPERLY PLACED TRAFFIC CONTROL DEVICE INSTRUCTIONS,CLARKSBURG RD/CLOPPER RD,39.18471333,-77.312395,No,No,No,Yes,No,Yes,No,No,No,No,OK,20 - Commercial Rig,2016,FREIGHTLINER,TT,YELLOW,Citation,21-201(a1),Transportation Article,Yes,BLACK,M,HAGERSTOWN,MD,MD,A - Marked Patrol,"(39.1847133333333, -77.312395)"
12/7/2012,18:36:00,MCP,"1st district, Rockville",DRIVING WHILE IMPAIRED BY ALCOHOL,RT 255/REDLAND ROAD,39.11545277,-77.16581598,No,No,No,No,No,No,No,No,No,No,MD,02 - Automobile,2011,TOYOTA,TACOMA,GREEN,Citation,21-902(b1),Transportation Article,Yes,WHITE,M,BALTIMORE,MD,MD,A - Marked Patrol,"(39.1154527666667, -77.1658159833333)"
5/29/2013,11:14:00,MCP,"6th district, Gaithersburg / Montgomery Village",EXCEEDING MAXIMUM SPEED: 78 MPH IN A POSTED 55 MPH ZONE,NB 270/ 124,39.16231902,-77.23485248,No,No,No,No,No,No,No,No,No,No,VA,02 - Automobile,2000,LINC,TOWNCAR,BLACK,Citation,21-801.1,Transportation Article,Yes,BLACK,M,RIVERDALE,MD,MD,A - Marked Patrol,"(39.1623190166667, -77.2348524833333)"
5/15/2013,15:45:00,MCP,"1st district, Rockville",OPERATING UNREGISTERED MOTOR VEHICLE ON HIGHWAY,DEBORAH DR AND LARKMEADE LANE,39.03271,-77.16590833,No,No,No,Yes,No,No,No,No,No,No,MD,02 - Automobile,2006,VOLVO,S60,"BLUE, DARK",Citation,13-401(b),Transportation Article,Yes,WHITE,F,GAITHERSBURG,MD,MD,A - Marked Patrol,"(39.03271, -77.1659083333333)"
5/4/2013,9:26:00,MCP,"6th district, Gaithersburg / Montgomery Village",FAIL VEH DRIVER IN ACC.TO RPT PROPERTY DAMAGE TO NEAREST POLICE,MUNCASTER MILL ROAD / LAYTONIA DRIVE,39.15371892,-77.1537621,No,No,No,Yes,No,No,No,No,No,No,MD,02 - Automobile,1997,HOND,4S,BEIGE,Citation,20-104(d),Transportation Article,Yes,WHITE,M,SILVER SPRING,MD,MD,A - Marked Patrol,"(39.1537189166667, -77.1537621)"
7/31/2012,14:08:00,MCP,"4th district, Wheaton",DRIVER CHANGING LANES WHEN UNSAFE,RT 108 / SPARTAN,39.15055712,-77.06161612,No,Yes,Yes,No,No,No,No,No,No,No,MD,02 - Automobile,2007,DODGE,4H,BLACK,Citation,21-309(b),Transportation Article,Yes,WHITE,F,FAIRMOUNT HEIGHTS,MD,MD,A - Marked Patrol,"(39.1505571166667, -77.0616161166667)"
11/22/2013,18:46:00,MCP,"3rd district, Silver Spring",FAILURE YIELD RIGHT OF WAY ON LEFT TURN,15520 BLOCK OF OLD COLUMBIA PIKE,39.11,-76.93459167,No,No,No,Yes,No,No,No,No,No,No,MD,02 - Automobile,2010,HONDA,CIVIC,SILVER,Citation,21-402(a),Transportation Article,Yes,NATIVE AMERICAN,F,HANOVER,MD,MD,A - Marked Patrol,"(39.11, -76.9345916666667)"
9/19/2017,14:45:00,MCP,"2nd district, Bethesda",DRIVER FAILURE TO STOP FOR PEDESTRIAN IN CROSSWALK,S/B 355 @ BETHESDA AVE,38.98090783,-77.09269133,No,No,No,No,No,No,No,No,No,No,MD,02 - Automobile,2008,TOYOTA,PRIUS,GRAY,Citation,21-502(a2),Transportation Article,Yes,OTHER,M,GAITHERSBURG,MD,MD,A - Marked Patrol,"(38.9809078333333, -77.0926913333333)"
5/30/2015,13:10:00,MCP,"3rd district, Silver Spring",DRIVER WHEN TURNING LEFT FAIL TO YIELD RIGHT OF WAY TO VEHICLE APPROACHING FROM OPPOSITE DIRECTION,SB PINEY BRANCH RD @ BARRON ST,38.99936,-76.99714167,No,No,No,No,No,No,No,No,No,No,MD,02 - Automobile,1997,DODG,VN,"BLUE, LIGHT",Citation,21-402(a),Transportation Article,Yes,HISPANIC,F,TAKOMA PARK,MD,MD,A - Marked Patrol,"(38.99936, -76.9971416666667)"
8/6/2015,0:42:00,MCP,"2nd district, Bethesda",FAIL VEH DRIVER IN ACC.TO RPT.PROP DAMAGETO NEAREST POLICE,RIVER RD/LITTLE FALLS PKWY,38.984545,-77.094655,No,No,No,No,No,No,No,No,No,No,MD,02 - Automobile,2008,HONDA,ACC,GREEN,Citation,20-104(d),Transportation Article,Yes,WHITE,F,BOYDS,MD,MD,A - Marked Patrol,"(38.984545, -77.094655)"
8/30/2017,18:30:00,MCP,"3rd district, Silver Spring",DRIVER WHEN TURNING LEFT FAIL TO YIELD RIGHT OF WAY TO VEHICLE APPROACHING FROM OPPOSITE DIRECTION,14120 BLOCK OF OLD COLUMBIA PIKE,39.08961833,-76.94739833,No,No,Yes,No,No,No,No,No,No,No,MD,02 - Automobile,2006,CHEVROLET,HHR,GRAY,Citation,21-402(a),Transportation Article,Yes,BLACK,F,SILVER SPRING,MD,MD,A - Marked Patrol,"(39.0896183333333, -76.9473983333333)"
8/30/2017,18:30:00,MCP,"3rd district, Silver Spring","NEGLIGENT DRIVING VEHICLE IN CARELESS AND IMPRUDENT MANNER ENDANGERING PROPERTY, LIFE AND PERSON",14120 BLOCK OF OLD COLUMBIA PIKE,39.08961833,-76.94739833,No,No,Yes,No,No,No,No,No,No,No,MD,02 - Automobile,2006,CHEVROLET,HHR,GRAY,Citation,21-901.1(b),Transportation Article,Yes,BLACK,F,SILVER SPRING,MD,MD,A - Marked Patrol,"(39.0896183333333, -76.9473983333333)"
8/30/2017,18:38:00,MCP,"3rd district, Silver Spring","NEGLIGENT DRIVING VEHICLE IN CARELESS AND IMPRUDENT MANNER ENDANGERING PROPERTY, LIFE AND PERSON",14120 BLOCK OF OLD COLUMBIA PIKE,39.08961833,-76.94739833,No,No,Yes,No,No,No,No,No,No,No,MD,02 - Automobile,2006,CHEVROLET,HHR,GRAY,Citation,21-901.1(b),Transportation Article,Yes,BLACK,F,SILVER SPRING,MD,MD,A - Marked Patrol,"(39.0896183333333, -76.9473983333333)"
9/19/2017,14:45:00,MCP,"2nd district, Bethesda",FAILURE TO CONTROL VEHICLE SPEED ON HIGHWAY TO AVOID COLLISION,S/B 355 @ BETHESDA AVE,38.98090783,-77.09269133,No,No,No,No,No,No,No,No,No,No,MD,02 - Automobile,2008,TOYOTA,PRIUS,GRAY,Citation,21-801(b),Transportation Article,Yes,OTHER,M,GAITHERSBURG,MD,MD,A - Marked Patrol,"(38.9809078333333, -77.0926913333333)"
